{"cameraMode":{"drawMode":0,"name":"Shaded","section":"Shading Mode"},"sceneLighting":false,"audioPlay":false,"sceneViewState":{"showFog":true,"showMaterialUpdate":true,"showSkybox":false,"showFlares":true,"showImageEffects":true,"showParticleSystems":true,"showVisualEffectGraphs":true,"m_FxEnabled":true},"in2DMode":false,"pivot":{"x":-2.836057662963867,"y":0.20606674253940583,"z":1.59934663772583},"rotation":{"x":-0.001380660803988576,"y":0.8957599401473999,"z":-0.44470617175102236,"w":-0.002677387557923794},"size":0.37450700998306277,"orthographic":false}