{"cameraMode":{"drawMode":0,"name":"Shaded","section":"Shading Mode"},"sceneLighting":false,"audioPlay":false,"sceneViewState":{"showFog":true,"showMaterialUpdate":true,"showSkybox":false,"showFlares":true,"showImageEffects":true,"showParticleSystems":true,"showVisualEffectGraphs":true,"m_FxEnabled":true},"in2DMode":false,"pivot":{"x":0.2616492509841919,"y":0.5000598430633545,"z":4.4099273681640629},"rotation":{"x":-0.02625676989555359,"y":-0.9501832127571106,"z":0.08283916860818863,"w":-0.29980501532554629},"size":2.721214532852173,"orthographic":false}